,,Venue details,Status,,,,,Links,,,,Stats,,,,,,,,,,,,Archived notees,,,,,,,,
category,LML ID,Venue name ,Owner,,Last check made,VENUE WEB SITE,VENUE WEB SITE,LML WEB APP - this week,LML WEB APP - next week,Admin link,Admin gigs link,gigs in last 12 weeks,gigs last week,gigs this week,Increase from last week,Latest gig date,check frequency,Working on this,Status - 2024-07-08,Notes - 2024-07-08,Notes - 2024-07-01,Status - 2024-07-01,Monitored by visualping,2024-07-22,2024-07-27,2024-08-05,2024-08-12,2024-08-19,,,,HIDE Y/N
A eventbrite,ac2fa0b6-0f7d-4233-a514-262e6c6c113b,Bad Decisions Bar,A,,31/3/2025,http://www.thebdb.com.au/,k,Bad Decisions Bar this week on LML,Bad Decisions Bar this week on LML,Admin console venue page,Admin gigs page,20,3,4,1.00,17/11/2024,always,,DONE,,automated,DONE ,,automatable,18 mins - done till 1 september,,,,,,,
A Oz tix,68524262-c33c-450c-856f-3a7f436fa441,Bar Open,A,,31/3/2025,https://baropen.com.au,K,Bar Open this week on LML,Bar Open this week on LML,Admin console venue page,Admin gigs page,51,9,9,0.00,14/11/2024,always,,DONE,,"did automate, need genre tags",DONE ,,automatable,25 mins - done till 16 aug but I suspect we will get more before then,to 23rd aug,,,,,,
A-0ztix,2407f3c0-6f4b-4f08-9e15-cb06127dd799,Bendigo Hotel,A,,31/3/2025,http://www.bendigohotel.com.au/,,Bendigo Hotel this week on LML,Bendigo Hotel this week on LML,Admin console venue page,Admin gigs page,8,2,3,1.00,11/01/2025,soonish,,DONE,hear it's opening again though,,DONE ,,,,ITS BACK,,,,,,
A Oztix,41864adc-ba59-4cd2-a060-beb6e0f377e2,Corner Hotel,A,,31/3/2025,http://www.cornerhotel.com/,k,Corner Hotel this week on LML,Corner Hotel this week on LML,Admin console venue page,Admin gigs page,13,2,3,1.00,22/12/2024,always,,DONE,Didn't have more for this week,,DONE ,,automatable,,,,,,,,
B-Oz tix,840b43b6-b05c-477b-b0d3-275e72aedd73,Evelyn Hotel,A,,31/3/2025,http://evelynhotel.com.au/,k,Evelyn Hotel this week on LML,Evelyn Hotel this week on LML,Admin console venue page,Admin gigs page,20,6,3,-3.00,14/12/2024,always,,DONE,,,DONE,,,1hr but i did automate it,,,,,,,
A Oz tix,1bdf25f5-5703-4d25-98b9-8c34e2a6d822,Gasometer Hotel,A,,31/3/2025,http://www.thegasometerhotel.com.au/,Ã§losed,Gasometer Hotel this week on LML,Gasometer Hotel this week on LML,Admin console venue page,Admin gigs page,40,6,7,1.00,30/11/2024,always,,DONE,,"did automate, genres done!",DONE ,,automatable,20 mins - done till 21 august but took all that time to add one gig,,Website down for me,,,,,
D-parse?,63386b32-70ca-4be1-bbd7-0fe5af0b536e,Gem Bar,A,,30/3/2025,http://www.thegembar.com.au/,k,Gem Bar this week on LML,Gem Bar this week on LML,Admin console venue page,Admin gigs page,21,3,4,1.00,20/12/2024,always,,DONE,,,DONE,y,,,,,,,,,
A eventbrite,2f8e1e4b-892c-43ba-a275-ee5a27beb6e3,Laundry Bar,A,,31/3/2025,http://laundrybar.com.au,k,Laundry Bar this week on LML,Laundry Bar this week on LML,Admin console venue page,Admin gigs page,16,3,3,0.00,29/11/2024,always,,DONE,,,DONE,y,,,,,,,,,
D-parse?,e78da30d-c4b0-4bf4-b584-9acf67d445b3,Lulie Tavern,A,,31/3/2025,https://www.lulietavern.com/gig-guide,k,Lulie Tavern this week on LML,Lulie Tavern this week on LML,Admin console venue page,Admin gigs page,15,4,2,-2.00,06/12/2024,always,,DONE,,has gigs this wk ,DONE,,- done to 4 Aug,,,,,,,,
E,8a85bba3-1b94-4b26-9df0-02f2b63d8806,New Guernica,A,,31/3/2025,,,New Guernica this week on LML,New Guernica this week on LML,Admin console venue page,Admin gigs page,2,0,0,,05/10/2024,always,,DONE,automated it - got to it thursday,,WAITING FOR EMAIL - OR CHECK WEDNESDAY,y,,,CHECKED 5/8 COME BACK LATER,nothing there check back later,nothing there check back later,,,,
A moshtix,a7535cc9-de04-4846-99e9-61cd1b02d1b2,Night Cat,A,,31/3/2025,https://www.thenightcat.com.au/shows,,Night Cat this week on LML,Night Cat this week on LML,Admin console venue page,Admin gigs page,29,5,4,-1.00,21/12/2024,always,,DONE,Just one more for the week,could auto this (Moshtix),DONE,,,,,,,,,,
D-parse?,2a485a1e-dff0-4571-8cb4-d7ff9ec27404,Nighthawks Bar,A,,31/3/2025,https://nighthawksbar.com.au/,k,Nighthawks Bar this week on LML,Nighthawks Bar this week on LML,Admin console venue page,Admin gigs page,21,5,5,0.00,30/11/2024,always,,DONE,Didn't have more for this week,spreadsheet,DONE ,y,,,,,,,,,
,5ec762f7-427c-44dd-a432-74cc4894b6a2,Odeon Richmond,A,,31/3/2025,https://www.odeonrichmond.com.au/experiences,,Odeon Richmond this week on LML,Odeon Richmond this week on LML,Admin console venue page,Admin gigs page,7,2,0,,,,,,,,,,,,,,,,,,
A-I want a ticket,8b134b5a-81f7-441a-84ef-d353296eac4d,The Catfish,A,,31/3/2025,http://www.thecatfish.com.au/,k,The Catfish this week on LML,The Catfish this week on LML,Admin console venue page,Admin gigs page,11,3,3,0.00,08/12/2024,always,,DONE,,has gigs this wk ,DONE,y,- done to 4 Aug,,,,,,,,
R/D,0e9591fc-2b76-4735-8f63-5b105b657eae,the Horn African Cafe,A,,31/3/2025,http://thehorncafe.com.au/,k,the Horn African Cafe this week on LML,the Horn African Cafe this week on LML,Admin console venue page,Admin gigs page,18,3,3,0.00,24/11/2024,always,,DONE,basically last week with dates changed ,regular coupla bands,DONE,,,,,,,,,,
A oztix,4a8bc8c3-2a03-41e1-9aef-8115e624c1ed,the Leadbeater Hotel,A,,31/3/2025,http://www.leadbeaterhotel.com.au/,,the Leadbeater Hotel this week on LML,the Leadbeater Hotel this week on LML,Admin console venue page,Admin gigs page,10,1,2,1.00,15/12/2024,always,,DONE,,has gigs NeXT week (12th July),DONE,,,Done to 10/08,Done to 23/08,,,,,,
B-Oz tix,d4aeb9fa-a50a-4fb3-b7cd-b312ede051a1,the Old Bar,A,,31/3/2025,http://www.theoldbar.com.au/,K,the Old Bar this week on LML,the Old Bar this week on LML,Admin console venue page,Admin gigs page,48,8,7,-1.00,30/11/2024,always,,DONE,,could automate ,DONE ,,automatable,20 mins - done till 4 aug,to end of aug,,,,,,
?D,18eab7ae-35b8-430f-aafa-60be628c98e3,The Peel Hotel,A,,31/3/2025,https://www.thepeel.com.au/,,The Peel Hotel this week on LML,The Peel Hotel this week on LML,Admin console venue page,Admin gigs page,3,0,0,,28/09/2024,sometimesish,,DONE,does have a page for events,regular dj nights witth named djs - nothing for july yet tho,DONE,,martin - done to 28 July,,Done to 10 /08 - need to have on recurring,,,,,,
R,6f6a9001-7c4d-48ad-8480-9ac66c657338,The Precinct Hotel,A,,31/3/2025,https://precincthotel.com.au/whats-on-live-music/,Recurring - ,The Precinct Hotel this week on LML,The Precinct Hotel this week on LML,Admin console venue page,Admin gigs page,2,0,0,,12/10/2024,always,,,,,,, - done to 4 Aug check back later - added this week,,Done to 10 /08 - need to have on recurring,,,,,,
D,6f05d4a9-04d4-437d-b5cf-e2a66b9686af,The Punters Club,A,,31/3/2025,https://www.facebook.com/puntersclubfitzroy/events,Gigs missing 10 april,The Punters Club this week on LML,The Punters Club this week on LML,Admin console venue page,Admin gigs page,18,6,0,,08/11/2024,,,,,,,,,,,,,,,,
R,d1814978-b237-4d0b-8941-310511fb19f0,The Richmond Club Hotel,A,,31/3/2025,https://richmondclubhotel.com.au/,k,The Richmond Club Hotel this week on LML,The Richmond Club Hotel this week on LML,Admin console venue page,Admin gigs page,24,4,4,0.00,24/11/2024,always,,,,,,y,check back later - added this week. -done to aug 3,reuploaded extra dj nights,,,,,,,
A Oz tix,e8154d55-0ed5-4842-bfc1-d129fcc8f282,the Workers Club,A,,31/3/2025,http://www.theworkersclub.com.au/,k,the Workers Club this week on LML,the Workers Club this week on LML,Admin console venue page,Admin gigs page,33,6,9,3.00,16/12/2024,always,,DONE,,,DONE ,y,automatable,20 mins - done till end of sept,,,,,,,
A Oz tix,0f7d1c80-f3cf-4250-ba14-6ff5fa1a397a,Tote Hotel,A,,31/3/2025,https://thetotehotel.com/gig-guide/,K,Tote Hotel this week on LML,Tote Hotel this week on LML,Admin console venue page,Admin gigs page,50,4,12,8.00,09/11/2024,always,,DONE,,"automated, genres done",DONE ,,automatable,20 mins - done till 11 aug (for some reason the first gig in list was missed off when did upload?!),,15m woot new record,,,,,
E,a9ecf0ea-ae1a-4de3-9499-4a1d3832f0ae,"Tramway Hotel, Fitzroy",A,,,http://www.tramwayhotel.com.au/,k,"Tramway Hotel, Fitzroy this week on LML","Tramway Hotel, Fitzroy this week on LML",Admin console venue page,Admin gigs page,8,2,3,1.00,03/11/2024,always,,DONE,,not posted yet,DONE,,- no info website or Insta (Jen - i found some stuff on their instagram in the end!),,,,Done till end of august,,,,
R/D,42c5e924-4e35-46e7-a7b7-a5e64cc4e9a1,Yorkshire Stingo Hotel,A,,24/2/2025,https://www.facebook.com/stingoblues,BLUES Every Sunday. Facebook info is sometimes up to date. Wesite never is.,Yorkshire Stingo Hotel this week on LML,Yorkshire Stingo Hotel this week on LML,Admin console venue page,Admin gigs page,6,1,1,0.00,24/11/2024,sometimesish,,DONE,same as last week,1 thing a week,DONE,,- done to 4 Aug,,Done to 11 /08 - need to have on recurring,,,,,,
,#N/A,St Kilda Fest Acland Sounds Stage Acland Plaza,A,,11/02/25,https://www.stkildafestival.com.au/day-2-big-festival-sunday/events-and-activities/acland-sounds,,St Kilda Fest Acland Sounds Stage Acland Plaza this week on LML,St Kilda Fest Acland Sounds Stage Acland Plaza this week on LML,Admin console venue page,Admin gigs page,,,,,,,,,,,,,,,,,,,,,
,#N/A,St Kilda Fest Acland Sounds Stage Belford St,A,,11/02/25,https://www.stkildafestival.com.au/day-2-big-festival-sunday/events-and-activities/acland-sounds,,St Kilda Fest Acland Sounds Stage Belford St this week on LML,St Kilda Fest Acland Sounds Stage Belford St this week on LML,Admin console venue page,Admin gigs page,,,,,,,,,,,,,,,,,,,,,
,82382df7-9d5e-4ccc-9778-1b89d19c1bd8,St Kilda Fest Catani Gardens North Stage,A,,11/02/25,https://www.stkildafestival.com.au/day-2-big-festival-sunday/stages/catani-gardens-north-stage,,St Kilda Fest Catani Gardens North Stage this week on LML,St Kilda Fest Catani Gardens North Stage this week on LML,Admin console venue page,Admin gigs page,,,,,,,,,,,,,,,,,,,,,
,d1354c15-3449-4bd1-b7c5-f6a5f9889b21,St Kilda Fest Catani Gardens South Stage,A,,11/02/25,https://www.stkildafestival.com.au/day-2-big-festival-sunday/stages/catani-gardens-south-stage,,St Kilda Fest Catani Gardens South Stage this week on LML,St Kilda Fest Catani Gardens South Stage this week on LML,Admin console venue page,Admin gigs page,,,,,,,,,,,,,,,,,,,,,
,5077ac9f-5115-4dd2-8ebf-b929f7d85472,St Kilda Fest Locals Stage,A,,11/02/25,https://www.stkildafestival.com.au/day-2-big-festival-sunday/stages/locals-stage,,St Kilda Fest Locals Stage this week on LML,St Kilda Fest Locals Stage this week on LML,Admin console venue page,Admin gigs page,,,,,,,,,,,,,,,,,,,,,
,11d138fa-76d7-414e-8422-679fcb0ae07d,St Kilda Fest Main Stage,A,,11/02/25,https://www.stkildafestival.com.au/day-2-big-festival-sunday/stages/main-stage-sunday,,St Kilda Fest Main Stage this week on LML,St Kilda Fest Main Stage this week on LML,Admin console venue page,Admin gigs page,,,,,,,,,,,,,,,,,,,,,
,ab267f2a-a9cc-4648-8bc6-a52a31289fb8,St Kilda Fest New Music Stage,A,,11/02/25,https://www.stkildafestival.com.au/day-2-big-festival-sunday/stages/new-music-stage,,St Kilda Fest New Music Stage this week on LML,St Kilda Fest New Music Stage this week on LML,Admin console venue page,Admin gigs page,,,,,,,,,,,,,,,,,,,,,
,14981949-f6ab-4cc5-8f9c-a637ee207fc2,St Kilda Fest Optus Stage,A,,11/02/25,https://www.stkildafestival.com.au/day-2-big-festival-sunday/stages/optus-stage-sunday,,St Kilda Fest Optus Stage this week on LML,St Kilda Fest Optus Stage this week on LML,Admin console venue page,Admin gigs page,,,,,,,,,,,,,,,,,,,,,
,b4914c67-53a7-4e76-b615-1ffe2ccbb887,St Kilda Fest The Espy Live Stage,A,,11/02/25,https://www.stkildafestival.com.au/day-2-big-festival-sunday/stages/the-espy-live-stage,,St Kilda Fest The Espy Live Stage this week on LML,St Kilda Fest The Espy Live Stage this week on LML,Admin console venue page,Admin gigs page,,,,,,,,,,,,,,,,,,,,,
,b77a9328-a8ac-4782-9901-eaab504e3159,St Kilda Fest The Prince Stage,A,,11/02/25,https://www.stkildafestival.com.au/day-2-big-festival-sunday/stages/prince-live-stage,,St Kilda Fest The Prince Stage this week on LML,St Kilda Fest The Prince Stage this week on LML,Admin console venue page,Admin gigs page,,,,,,,,,,,,,,,,,,,,,
?D,8ee2d58e-d3b5-445a-a12c-088b7899b881,Abbots Yard,B,done,22/4/2025,https://www.abbotsyard.com/whats-on,,Abbots Yard this week on LML,Abbots Yard this week on LML,Admin console venue page,Admin gigs page,4,0,0,,30/11/2024,always,,DONE,sports right now,has gigs this wk,WAITING FOR EMAIL - OR CHECK WEDNESDAY,,,,,No gigs planned at present,No gigs planned at present,,,,
D,52b3c971-a4dd-44ab-a751-3e839d197413,Abbotsford Convent Community & Linen Rooms,B,done,22/4/2025,https://abbotsfordconvent.com.au/whats-on/,Covered to May 4,Abbotsford Convent Community & Linen Rooms this week on LML,Abbotsford Convent Community & Linen Rooms this week on LML,Admin console venue page,Admin gigs page,2,0,0,,23/11/2024,always,,,,,,,Gigs in august - added this week,,Through 21/08,,,,,,
D,a6618018-b0df-49df-a996-59a91183bfbc,Burnley Brewing,B,,,,In liquidation,Burnley Brewing this week on LML,Burnley Brewing this week on LML,Admin console venue page,Admin gigs page,0,0,0,,30/12/1899,always,,DONE,Occasional music related stuff (Beer Choir :D ),,DONE ,,,,,,,,,,
Dont do music,916da54e-db8a-4696-918e-89597e0fcb4a,Central Club Hotel,B,done,22/4/2025,https://www.facebook.com/centralclubhotel/,DOnt advertise anywhere-they leave it up to the bands,Central Club Hotel this week on LML,Central Club Hotel this week on LML,Admin console venue page,Admin gigs page,0,0,0,,24/08/2024,,,DONE,nothing this week,None this week,DONE ,,,,Doesnt advertise gigs anywhere,,,,,,
E,95c789c1-eb50-4bff-b2e0-5aca613bd2e2,Creatures of Habit Bar and Bandroom,B,done,22/4/2025,https://www.facebook.com/creaturesofhabitbar,"Open mic thru July done, Femme agender also done tru July",Creatures of Habit Bar and Bandroom this week on LML,Creatures of Habit Bar and Bandroom this week on LML,Admin console venue page,Admin gigs page,3,0,0,,05/10/2024,always,,DONE,Gig next week ! (19th - https://events.humanitix.com/dink-rory-tiganis-hannan),coming soon,DONE,,,,,,,,,,
D,232bc449-2f43-4356-b7c7-862198a60cc4,Fitzroy Rainbow Hotel,B,done,15/4/2025,http://www.therainbow.com.au/,Done for April,Fitzroy Rainbow Hotel this week on LML,Fitzroy Rainbow Hotel this week on LML,Admin console venue page,Admin gigs page,8,1,1,0.00,25/11/2024,always,,DONE,,has gigs this wk ,DONE,,,,Done to 19/08,,,,,,
R,e5e26799-1ae9-4196-9cbb-ff70083da58d,Grace Darling Hotel,B,done,15/04/2025,http://thegracedarlinghotel.com.au/,Done for April + May,Grace Darling Hotel this week on LML,Grace Darling Hotel this week on LML,Admin console venue page,Admin gigs page,3,1,0,,16/11/2024,soonish,,DONE,no gigs till the lbmf thing 27th julyish,None this week,DONE ,,,,Through 16/08,,,,,,
E,1e1771ad-480a-495d-939c-cbde13a394a9,House of Plants bar,B,,,https://www.houseofplants.co/,Not doing music,House of Plants bar this week on LML,House of Plants bar this week on LML,Admin console venue page,Admin gigs page,2,0,0,,28/09/2024,always,,,,,,y,check back later - added this week,,,,,,,,
,,Albion Hotel Collingwood,,,23/07/2024,http://albionhotel.pub/,,#REF!,#REF!,#REF!,#REF!,#REF!,#REF!,#REF!,,,sometimesish,,DONE,,,DONE ,,,,,,,,,,TRUE
E,460f6e98-95f6-43a4-9ca3-18eaa256bd20,Kent St,B,done,22/4/2025,https://www.instagram.com/kentst/?hl=en,22/4 - no music since March,Kent St this week on LML,Kent St this week on LML,Admin console venue page,Admin gigs page,0,0,0,,30/12/1899,sometimesish,,DONE,Have awesome retro movie nights though so watch this space,has comedy - maybe check in future,DONE ,,Karen-Dont do live music at all,,Dont do music,,,,,,
,,All Nations Hotel,,,10/07/2024,http://www.allnationshotel.pub/,,#REF!,#REF!,#REF!,#REF!,#REF!,#REF!,#REF!,,,sometimesish,,DONE,,,DONE ,,,,,,,,,,TRUE
D,efcaafa0-cc1e-4cab-bbdc-68cd51e05276,Old Plates Record Bar,B,done,22/4/2025,https://www.facebook.com/oldplates,Down through to 5/04. 22/4 No new music still.,Old Plates Record Bar this week on LML,Old Plates Record Bar this week on LML,Admin console venue page,Admin gigs page,19,4,2,-2.00,06/11/2024,sometimesish,,DONE,,has gigs this wk,CHECK WEDNESDAY,,,,,,,,,,
,,Clifton Hill Brewpub,,,,http://www.cliftonhillbrewpub.com.au/,,#REF!,#REF!,#REF!,#REF!,#REF!,#REF!,#REF!,,,,,DONE,,None this week,DONE ,,,,,,,,,,TRUE
,,the Empress Hotel North Fitzroy,,,,http://theempress.com.au/,,#REF!,#REF!,#REF!,#REF!,#REF!,#REF!,#REF!,,,,,DONE,no gigs or is it just cos sport,,DONE ,,,,,,,,,,TRUE
,,Kewpie Fitzroy,,,,https://www.kewpiefitzroy.com.au,,#REF!,#REF!,#REF!,#REF!,#REF!,#REF!,#REF!,,,,,DONE,,None this week,DONE ,,,,,,,,,,TRUE
,,Town Hall Hotel Fitzroy,,,,http://fitzroytownhallhotel.com.au/,,#REF!,#REF!,#REF!,#REF!,#REF!,#REF!,#REF!,,,,,DONE,,,DONE ,,,,,,,,,,TRUE
,,Le Bon Ton,,,,http://www.lebonton.com.au/,,#REF!,#REF!,#REF!,#REF!,#REF!,#REF!,#REF!,,,,,DONE,,,DONE ,,,,,,,,,,TRUE
,,Great Northern Hotel,,,,http://www.gnh.net.au/,,#REF!,#REF!,#REF!,#REF!,#REF!,#REF!,#REF!,,,,,DONE,,,DONE ,,,,,,,,,,TRUE
,,Marquis of Lorne,,,,https://www.marquisoflorne.com.au/,,#REF!,#REF!,#REF!,#REF!,#REF!,#REF!,#REF!,,,,,DONE,,,DONE ,,,,,,,,,,TRUE
,,Napier Hotel,,,,http://thenapierhotel.com/,,#REF!,#REF!,#REF!,#REF!,#REF!,#REF!,#REF!,,,,,DONE,,,DONE ,,,,,,,,,,TRUE
D,e5b7e06a-5672-411d-ac66-21f5be83541f,Perseverance Hotel,B,,15/4/2025,http://theperseverance.com/,Closed,Perseverance Hotel this week on LML,Perseverance Hotel this week on LML,Admin console venue page,Admin gigs page,18,4,2,-2.00,07/12/2024,always,,DONE,One recurring,just a dj night right now,DONE,y,-no gigs found,,,,,,,,
No music,#N/A,Cherry Tree Hotel,martin,TODO,05/08/2024,http://www.thecherrytree.com.au/,No live music,Cherry Tree Hotel this week on LML,Cherry Tree Hotel this week on LML,Admin console venue page,Admin gigs page,0,0,0,,30/12/1899,,,DONE,"has poets, not gigs though.",None this week,DONE ,,,,Nothing to update,No live music,No live music,hide,,,hide
,,the Retreat Hotel Abbotsford,,,,http://retreatabbotsford.com.au/,,#REF!,#REF!,#REF!,#REF!,#REF!,#REF!,#REF!,,,,,DONE,,,DONE ,,,,,,,,,,TRUE
,,Rose Hotel Fitzroy,,,10/07/2024,http://www.therosefitzroy.com.au/,,#REF!,#REF!,#REF!,#REF!,#REF!,#REF!,#REF!,,,soonish,,DONE,,,DONE ,,,,,,,,,,TRUE
no music,#N/A,North Fitzroy Arms Hotel,Martin,TODO,05/08/2024,https://www.northfitzroyarms.com.au/,No Music-no plans,North Fitzroy Arms Hotel this week on LML,North Fitzroy Arms Hotel this week on LML,Admin console venue page,Admin gigs page,0,0,0,,30/12/1899,soonish,,DONE,ever has gigs (but gig page 404s now),None this week,DONE ,,,,Nothing to update,No Music-no plans,No Music-no plans,hide,,,hide
D,c9c90e92-30fc-458e-a566-ef8d21cec26e,Railway Hotel,B,done,15/04,https://www.railwayhotelfitzroy.com.au/events-specials,Done until 15/05,https://lml.live/?dateRange=thisWeek&venues=c9c90e92-30fc-458e-a566-ef8d21cec26e,Railway Hotel this week on LML,Admin console venue page,Admin gigs page,10,2,1,-1.00,07/11/2024,always,,DONE,"1 reg, 1 one off possibly this week",,DONE ,,,,until 12/08,,,,,,
R/D,b0e4a651-49d2-4f60-945c-51d6cabdbea1,the Fitzroy Pinnacle,B,check w Q and A,15/4/2025,https://fitzroypinnacle.oztix.com.au/,Gigs booked until 26/04. 22/4 Fitzroy Pinnacle has gone from venue list in the gig interface?,https://lml.live/?dateRange=thisWeek&venues=b0e4a651-49d2-4f60-945c-51d6cabdbea1,https://lml.live/?dateRange=nextWeek&venues=b0e4a651-49d2-4f60-945c-51d6cabdbea1,Admin console venue page,Admin gigs page,9,1,0,,30/11/2024,always,NO GIGS THIS WEEK,DONE,1 gig per week so far,has gigs this wk ,DONE,,up to 4/08,,,,,,,,
R/D humanatix,8fdcb132-2dd8-4bf2-8855-43df4888575c,the Posty,B,,,http://www.theposty.com.au/,DONT DO MUSIC,the Posty this week on LML,the Posty this week on LML,Admin console venue page,Admin gigs page,0,0,0,,30/12/1899,sometimesish,,DONE,,,DONE ,,,,Doesn't do gigs,,DONT DO MUSIC,,,,
???,8ad51082-ad98-4ecc-b095-f6716a47bd12,the Prince Patrick Hotel,B,done,22/4/2025,http://princepatrickhotel.com.au/,Email sent 10/03 - no gigs,the Prince Patrick Hotel this week on LML,the Prince Patrick Hotel this week on LML,Admin console venue page,Admin gigs page,0,0,1,,29/11/2024,always,,DONE,last events 2020,,DONE ,,,,,,,,,,
,,the Motley Hotel,,,,http://themotleyhotel.com.au/,,#REF!,#REF!,#REF!,#REF!,#REF!,#REF!,#REF!,,,,,DONE,,,DONE ,,,,,,,,,,TRUE
,,Wolfhound on Brunswick,,,,https://wolfhoundonbrunswick.com.au/,,#REF!,#REF!,#REF!,#REF!,#REF!,#REF!,#REF!,,,,,DONE,,,DONE ,,,,,,,,,,TRUE
,,Fairfield Park Boathouse,,,23/07/2024,http://www.fairfieldboathouse.com/,,#REF!,#REF!,#REF!,#REF!,#REF!,#REF!,#REF!,,,sometimesish,,DONE,,,DONE ,,,,,,,,,,TRUE
E,11b263ea-cfb1-4bed-8c44-21449c4a4031,the Stone Hotel,B,done,15/4/2025,http://www.thestonehotel.com.au/,Done until 28/06,the Stone Hotel this week on LML,the Stone Hotel this week on LML,Admin console venue page,Admin gigs page,7,1,1,0.00,09/11/2024,,,DONE,Unnamed DJ night,,DONE ,,,,DJ done to 18/08,,,,,,
,,Easey's,,,23/07/2024,https://www.easeys.com.au/,,#REF!,#REF!,#REF!,#REF!,#REF!,#REF!,#REF!,,,sometimesish,,DONE,,,DONE ,,,,,,,,,,TRUE
B- eventbrite,f4878849-c3c0-4947-80ec-05da163bacb5,Uptown Jazz Cafe,B,done,22/4/2025,http://www.uptownjazzcafe.com/,,Uptown Jazz Cafe this week on LML,Uptown Jazz Cafe this week on LML,Admin console venue page,Admin gigs page,27,4,4,0.00,02/11/2024,always,,DONE,,,DONE,y,,,until 11/08,,,,,,
B- eventbrite,5231a2b0-1699-4778-8a8f-df345e457232,Yah Yah's,B,done,22/4/2025,https://www.eventbrite.com.au/o/yah-yahs-28740119359,,Yah Yah's this week on LML,Yah Yah's this week on LML,Admin console venue page,Admin gigs page,11,2,1,-1.00,14/12/2024,always,,DONE,,has gigs this wk ,DONE,,,,until 18/08,,,,,,
D-tricky,675066e5-363e-4d97-bbc7-172be0daf651,Bodriggy Brew Pub,C,,14/4/2025,https://bodriggy.beer/,April gigs done,Bodriggy Brew Pub this week on LML,Bodriggy Brew Pub this week on LML,Admin console venue page,Admin gigs page,12,12,12,0.00,12,always,,DONE,,dont have their new gig guide up - check again soon,DONE ,,,,Not posted yet(monday),,,,,,
D,0134f1ed-f61e-4c41-8edc-3827ade314bc,Dr Morse,C,,14/4/2025,https://ra.co/clubs/109902,Done til 24/4/2025,Dr Morse this week on LML,Dr Morse this week on LML,Admin console venue page,Admin gigs page,7,3,0,,27/10/2024,always,,DONE,,has gigs 21 july,DONEE,,- no info website or Insta,,Nothing to update,Nothing to update,Nothing to update,,,,
Closed,7107604a-101a-4386-a9ee-395be0080ec2,Long play,C,,7/4/2025,https://longplay.net.au/,Closed - now operating as wildflowerpicturehouse.com,Long play this week on LML,Long play this week on LML,Admin console venue page,Admin gigs page,0,0,0,,26/08/2024,,,DONE,,,DONE,,,,Nothing to update,instagramm-but generally bands do own publicity,instagramm-but generally bands do own publicity,,,,
D,c8d21de3-15d8-4ae2-afef-4f187a04fc11,Royal Derby Hotel,C,,22/4/2025,http://www.royalderbyhotel.com.au/,No gigs - just sport,Royal Derby Hotel this week on LML,Royal Derby Hotel this week on LML,Admin console venue page,Admin gigs page,0,0,0,,30/12/1899,sometimish,,DONE,no gigs?,,DONE ,,,,No gigs till after footy,No music until after football season,No music until after football season,,,,
E,b9e36f82-78f9-4048-857a-57ac16a32cc5,Sugar Glider bar,C,,22/4/2025,https://www.sugargliderbar.com,"No upcoming gigs - broken website, but this works: https://linktr.ee/sugargliderbar",Sugar Glider bar this week on LML,Sugar Glider bar this week on LML,Admin console venue page,Admin gigs page,1,0,0,,21/09/2024,always,,,,,,,check back later - added this week,,Nothing to update - birthday event on 21 Aug but no deetails just says Live Misuc karaoke etc,,,,,,
,,Plug Nickel Cafe,,,,http://plugnickel.com.au/,,#REF!,#REF!,#REF!,#REF!,#REF!,#REF!,#REF!,,,,,DONE,Coffee no music?,,DONE ,,,,,,,,,,TRUE
R?D,9da2c5e2-4842-4d75-be6f-45421a0d4ed2,Terminus Hotel Abbotsford,C,,22/4/2025,http://www.theterminushotel.com.au/,07/04/25 - no upcoming gig listings. Check in again later,Terminus Hotel Abbotsford this week on LML,Terminus Hotel Abbotsford this week on LML,Admin console venue page,Admin gigs page,0,0,0,,02/08/2024,always,,DONE,live music but no artist specified ,,DONE ,,- done to 4 Aug,,Nothing to update ,,,,,,
,,Fitzroy Victoria Bowling and Sports Club,,,,http://www.barefootbowling.com.au/,,#REF!,#REF!,#REF!,#REF!,#REF!,#REF!,#REF!,,,,,DONE,,,DONE ,,,,,,,,,,TRUE
R,8f141e23-3fa0-4417-9810-deb3e83acdd6,"Wheat, Wine and Whisky",C,,22/4/2025,https://www.facebook.com/profile.php?id=61555811756791,07/04/25 - no upcoming gig listings. Check in again later,"Wheat, Wine and Whisky this week on LML","Wheat, Wine and Whisky this week on LML",Admin console venue page,Admin gigs page,3,0,0,,18/10/2024,always,,DONE,,,DONE,,- done to 4 Aug,,Until 16/08,,,,,,
E,5b91748e-26f6-4126-92e1-726b89b9a41e,Avalon the Bar,D,,22/4/2025,https://instagram.com/avalonthebar?igshid=YmMyMTA2M2Y=,No upcoming events,Avalon the Bar this week on LML,Avalon the Bar this week on LML,Admin console venue page,Admin gigs page,2,1,0,,26/10/2024,sometimesish,,DONE,No jack fairy till august :( ,has gigs this wk,CHECK THURSDAY,,martin - nothing for this fortnight ,,Nothing to update,,,,,,
D,bdcfc167-cf3e-41fb-a829-7951e465b361,Baxter's Lot,D,Done,22/4/2025,https://www.facebook.com/baxterslot/,,Baxter's Lot this week on LML,Baxter's Lot this week on LML,Admin console venue page,Admin gigs page,53,8,0,,27/10/2024,always,,DONE,,no gig guide y4et,DONE,,,10 mins - done till 4 aug ,Nothing posted 5th Aug,,,,,,
R,b8ab5f04-206e-4bc5-bb92-ea1038075d43,Bridge Hotel,D,Done,22/4/2025,https://thebridgehotel.com.au/its-on-at-the-bridge/,No upcoming events,Bridge Hotel this week on LML,Bridge Hotel this week on LML,Admin console venue page,Admin gigs page,5,0,0,,19/10/2024,always,,NEEDS UPLOADING,1 regular acoustic session thing,,DONE ,y,,,,,,,,,
B (+ humanitix?),3c1f6c10-ac23-4d2d-8d04-2a44887689f7,Glamorama Bar,D,Done,22/4/2025,http://www.glamoramabar.com/,,Glamorama Bar this week on LML,Glamorama Bar this week on LML,Admin console venue page,Admin gigs page,8,2,0,,04/11/2024,sometimesish,,DONE,temp closed,check mid july,DONE ,,,,,nothing there check back later,nothing there check back later,,,,
E,97f1cad0-fbd3-4971-867e-2d5d23af0ed4,Hope St Radio,D,Done,22/4/2025,https://www.hopestradio.community/,07/04/25 - no upcoming gig listings. Check in again later,Hope St Radio this week on LML,Hope St Radio this week on LML,Admin console venue page,Admin gigs page,11,2,0,,25/10/2024,,,DONE,next week has a gig,1 a month maybe?,DONE,,,,,,CAnt make sense of gig dates,,,,
E,bd439b06-df16-425f-a1ba-271ce5f13621,Labour in Vain,D,Done,22/4/2025,http://www.labourinvain.com.au/,No upcoming events,Labour in Vain this week on LML,Labour in Vain this week on LML,Admin console venue page,Admin gigs page,0,0,0,,30/12/1899,,,DONE,last gig in march,None this week,DONE ,,,,no gigs,,,,,,
E,0401961d-3e7c-4a0d-8997-c56e0a7620a1,Mr Boogie Man,D,Done,22/4/2025,https://www.facebook.com/mrboogiemanbar,,Mr Boogie Man this week on LML,Mr Boogie Man this week on LML,Admin console venue page,Admin gigs page,9,2,2,0.00,01/11/2024,,,DONE,ever has stuff not this week,,CHECK TUESDAY,y,"its unclaer, I have emailed the dude",,,,,,,,
E,e9987861-2fa9-4ddb-8930-e698ddbb53de,One2Three Bar,D,Done,22/4/2025,https://www.facebook.com/one2threebar/,No gigs listed after 11/04/2025,One2Three Bar this week on LML,One2Three Bar this week on LML,Admin console venue page,Admin gigs page,2,1,0,,25/10/2024,neverish,,DONE,Nothing so far - but they have room,nothing this week,DONE ,,martin - nothing for this fortnight ,,Nothing to update,,,,,,
D,95751bed-7f07-4201-8f24-1b39a86fce33,Panacea bar,D,Done,22/4/2025,https://www.instagram.com/panacea_bar/,No upcoming events,Panacea bar this week on LML,Panacea bar this week on LML,Admin console venue page,Admin gigs page,0,0,0,,30/12/1899,always,,,,,,,didnt find gigs,,,,,,,,
D,2fc486af-5120-43e6-9fa9-d4e346cfc6d2,Pink Lemonade,D,Done,22/4/2025,https://pinklemonade.melbourne,Done until mid april,Pink Lemonade this week on LML,Pink Lemonade this week on LML,Admin console venue page,Admin gigs page,9,1,1,0.00,25/01/2025,always,,,,,,,check back later - added this week,,DONE TIL 1 Jan 2025,,,,,,
E,1799e48d-d69b-447e-b021-bde1e3fce9e4,Radio Bar and Cafe,D,Done,22/4/2025,https://www.facebook.com/RadioBar79/,,Radio Bar and Cafe this week on LML,Radio Bar and Cafe this week on LML,Admin console venue page,Admin gigs page,0,0,1,,25/11/2024,always,,DONE,,,DONE ,,unclear,,,,nothing there check back later,,,,
No music,c852825a-424c-40d7-9ba2-caf9fcace026,Royal Oak Hotel,D,Done,22/4/2025,http://www.royaloakhotel.co/,no gigs,Royal Oak Hotel this week on LML,Royal Oak Hotel this week on LML,Admin console venue page,Admin gigs page,0,0,0,,08/06/2024,sometimesish,,DONE,none,none,DONE,,,,,No music,No music,,,,
D,129638e8-99ef-4d2f-bafd-11e6f5236549,Runner Up Bar,D,Done,22/4/2025,https://runnerup.net.au/,,Runner Up Bar this week on LML,Runner Up Bar this week on LML,Admin console venue page,Admin gigs page,4,0,0,,06/10/2024,always,,,,,,y,check back later - added this week,done for this week,No events this week,,,,,,
D,07f6400b-fb9c-434a-a83c-19a2f500b4fb,the Fox Hotel 1887,D,Done,22/4/2025,https://thefoxhotel.com.au/,Gigs until end of April,the Fox Hotel 1887 this week on LML,the Fox Hotel 1887 this week on LML,Admin console venue page,Admin gigs page,6,0,0,,19/10/2024,sometimesish,,DONE,has djs but no events as such,no gig guide y4et,WAITING ON EMAIL,,,,,,,,,,
,8875fc6e-6b4a-4ff3-9761-7ccd6c022838,The Open Space,D,Done,22/4/2025,https://www.facebook.com/profile.php?id=100075786043186&sk=events,"No new events listed. 
Also worth tryingt this link: https://www.theopenspace.com.au/music-events ",,,,,,,,,,,,,,,,,,,,,,,,,
,c00bd590-e0e4-41dc-a5de-e58b242bfa91,The Rochester Hotel,D,Done,22/4/2025,https://www.instagram.com/therochey/,No events listed,The Rochester Hotel this week on LML,The Rochester Hotel this week on LML,Admin console venue page,Admin gigs page,0,0,0,,30/12/1899,sometimesish,,DONE,,,DONE ,,,,,,,,,,
R/D,681152c0-2f78-43fe-bfc9-d126d4a6ed7f,the Rooks Return,D,Done,22/4/2025,https://www.facebook.com/TheRooksReturn/,,the Rooks Return this week on LML,the Rooks Return this week on LML,Admin console venue page,Admin gigs page,31,5,1,-4.00,14/11/2024,always,,DONE,,has gigs this wk,DONE,,,partially done NEED TO CHECK AGAIN,,,,,,,
D,74baa918-d53c-4e76-a453-872f6b7b575c,the Standard Hotel,D,Done,22/4/2025,https://www.thestandardhotel.com.au/gigs,Gigs until end of April,the Standard Hotel this week on LML,the Standard Hotel this week on LML,Admin console venue page,Admin gigs page,6,1,0,,27/10/2024,always,,DONE,check next week too - 1 gig a week on sundays,no gig guide y4et,CHECK SOCIAL MEDIA ON WED,,,,,,,,,,
D?R,100c32c5-f61d-4f0b-a920-ea5199edd92d,Thin Slizzy,D,Done,22/4/2025,https://www.thinslizzy.com/s/instagram,No gigs - just pizza!,Thin Slizzy this week on LML,Thin Slizzy this week on LML,Admin console venue page,Admin gigs page,0,0,0,,30/12/1899,sometimes,,,,,,y,added this week - nothing but memes right now but update if we find more,,Nothing to update,,,,,,
B,80530402-8689-42cb-97df-520ea223bc44,UBQueer,D,Done,22/4/2025,https://www.ubqueer.com.au/,no upcoming music events ,UBQueer this week on LML,UBQueer this week on LML,Admin console venue page,Admin gigs page,11,2,1,-1.00,31/10/2024,sometimesish,,DONE,I'm not sure if some of these events count for us. Let's chat. ,https://www.instagram.com/stellaroadkill/,WAITING ON EMAIL,,https://djajaxwipenspray.com/messy - check thhis next week,,,,,,,,
?,6b60b540-5cba-48cb-af97-66fcae066b38,Banff,E,Karen,21/4/2025,https://www.banffcafe.com.au/,thurs until EO may done,Banff this week on LML,Banff this week on LML,Admin console venue page,Admin gigs page,,,,,,,,,,,,,,,,,,,,,
B,56f99c7b-618c-40dc-8b9c-ea8556b5d52d,Captain Baxter,E,,21/4/2025,https://www.captainbaxter.com.au/whats-on/,,Captain Baxter this week on LML,Captain Baxter this week on LML,Admin console venue page,Admin gigs page,,,,,,,,,,,,,,,,,,,,,
E,000b807a-e2bc-4be1-a1d1-0b1842e0108d,Claypots Seafood Bar,E,Karen,21/4/2025,https://www.facebook.com/claypotsstkilda/,Tony sending through fortnightly to Karen Done until 14/04,Claypots Seafood Bar this week on LML,Claypots Seafood Bar this week on LML,Admin console venue page,Admin gigs page,,,,,,,,,,,,,,,,,,,,,
,8769416c-6de4-47f0-8e20-df384ae8b078,Donovans,E,Done,21/4/2025,http://www.donovans.com.au/,,Donovans this week on LML,Donovans this week on LML,Admin console venue page,Admin gigs page,,,,,,,,,,,,,,,,,,,,,
R,d8269190-9ef4-481e-b18f-1c4f20130d0d,Ellora,E,Done,21/4/2025,https://www.ellora.com.au/live-music,sun until 4/05 Sat thru 31/05,Ellora this week on LML,Ellora this week on LML,Admin console venue page,Admin gigs page,,,,,,,,,,,,,,,,,,,,,
D,cdf8ea22-52f2-46f2-96ff-b858cb96a6df,Freddie Wimpoles,E,Karen,21/4/2025,https://www.freddiewimpoles.com/gig-guide,April  and May completed,Freddie Wimpoles this week on LML,Freddie Wimpoles this week on LML,Admin console venue page,Admin gigs page,,,,,,,,,,,,y,,,,,,,,,
B,c1521aa0-3143-426d-b926-345595b5b20b,George Lane,E,,21/4/2025,https://www.georgelane.com.au/events-1,done til mid may but wil change,George Lane this week on LML,George Lane this week on LML,Admin console venue page,Admin gigs page,,,,,,,,,,,,,,,,,,,,,
R,fd6079d1-3f79-4041-b4ef-1297857f2d9c,Harvey's Sports Bar,E,,21/4/2025,https://harveyssportsbar.com.au/whats-on/,"Fri until 4/07, Sat until 5/07",Harvey's Sports Bar this week on LML,Harvey's Sports Bar this week on LML,Admin console venue page,Admin gigs page,,,,,,,,,,,,,,,,,,,,,
A,4c4115a5-f920-4914-87f6-6b32eaed367a,Hotel Esplanade- The Basement,E,,21/4/2025,https://hotelesplanade.com.au/the-basement/,,Hotel Esplanade- The Basement this week on LML,Hotel Esplanade- The Basement this week on LML,Admin console venue page,Admin gigs page,,,,,,,,,,,,,,,,,,,,,
A,79634ab6-a35e-4f1f-9c4f-b9b18746c6f5,Hotel Esplanade-Gershwin Room,E,,21/4/2025,https://hotelesplanade.com.au/gershwin-room/,Until 5/04,Hotel Esplanade-Gershwin Room this week on LML,Hotel Esplanade-Gershwin Room this week on LML,Admin console venue page,Admin gigs page,,,,,,,,,,,,,,,,,,,,,
D,6f30a49e-054c-46aa-b597-eb149e6a7902,Iddy Biddy Bar,E,,21/4/2025,https://www.iddybiddy.com.au/whats-on.html,Wed until May14/Fri until 23/05/Sat until 31/05 /Sun until 25/05,Iddy Biddy Bar this week on LML,Iddy Biddy Bar this week on LML,Admin console venue page,Admin gigs page,,,,,,,,,,,,y,,,,,,,,,
B,c9f4d308-02eb-4ed0-9416-1e53b60edcea,Inkerman Hotel,E,,21/4/2025,https://www.inkermanhotel.com.au/whatson,,Inkerman Hotel this week on LML,Inkerman Hotel this week on LML,Admin console venue page,Admin gigs page,,,,,,,,,,,,,,,,,,,,,
E,a9caa567-8ef2-4d54-8e32-bbd8d27a3057,Jimmy O'Neill's,E,,15/4/2025,https://www.instagram.com/jimmy.oneills/,,Jimmy O'Neill's this week on LML,Jimmy O'Neill's this week on LML,Admin console venue page,Admin gigs page,,,,,,,,,,,,,,,,,,,,,
E,7e2e6ad0-c16d-4a8a-925f-e567af7fa5d6,Lost For words,E,,15/4/2025,https://www.facebook.com/groups/343773382403705/,Closed down,Lost For words this week on LML,Lost For words this week on LML,Admin console venue page,Admin gigs page,,,,,,,,,,,,,,,,,,,,,
E,5515b5c9-ea1d-4fd0-bb8c-96cce9c76e64,Loud Mouth,E,,21/04/,https://www.instagram.com/loudmouthbar/?hl=en,Novakane Sats until 19/04,Loud Mouth this week on LML,Loud Mouth this week on LML,Admin console venue page,Admin gigs page,,,,,,,,,,,,,,,,,,,,,
,93cdfa7d-7e28-49d4-97a0-811e55a1f5e8,Luna park,E,,15/4/2025,https://www.lunapark.com.au/,,Luna park this week on LML,Luna park this week on LML,Admin console venue page,Admin gigs page,,,,,,,,,,,,y,,,,,,,,,
E,7a709c92-ff93-4902-ad20-4b85f336609a,Lyrebird Lounge,E,,21/4/2025,https://www.facebook.com/lyrebirdlounge07/,open mic until May 8,Lyrebird Lounge this week on LML,Lyrebird Lounge this week on LML,Admin console venue page,Admin gigs page,,,,,,,,,,,,,,,,,,,,,
A,bb1f84fb-698b-4be6-ab9a-65fd6cc6dcf6,Memo Music Hall,E,,21/4/2025,https://www.memomusichall.com.au/,good til 7 april,Memo Music Hall this week on LML,Memo Music Hall this week on LML,Admin console venue page,Admin gigs page,,,,,,,,,,,,y,,,,,,,,,
R,fd720082-abd7-477e-b845-4ae0f5119080,Ms Carlisles,E,,21/4/2025,https://www.instagram.com/mscarlisles/?hl=en,Fri/Sat/Sun until 4/05,Ms Carlisles this week on LML,Ms Carlisles this week on LML,Admin console venue page,Admin gigs page,,,,,,,,,,,,,,,,,,,,,
,e0ac9260-bd0b-40ec-b4ef-6a8e860e553d,St Luja,E,,21/4/2025,https://stluja.com.au/,,St Luja this week on LML,St Luja this week on LML,Admin console venue page,Admin gigs page,,,,,,,,,,,,,,,,,,,,,
,c7bf8561-87a7-4b4e-b513-57c4f64df775,St Kilda RSL,E,,21/4/2025,https://skanc.com.au/,,St Kilda RSL this week on LML,St Kilda RSL this week on LML,Admin console venue page,Admin gigs page,,,,,,,,,,,,,,,,,,,,,
,5ff80085-8bad-4eff-97bb-5f2cb64a8498,Palace Foreshore,E,,15/4/2025,https://www.palaceforeshore.com/,gone for the tim e being,Palace Foreshore this week on LML,Palace Foreshore this week on LML,Admin console venue page,Admin gigs page,,,,,,,,,,,,,,,,,,,,,
E,#N/A,St Kilda Bowling Club,F,,21/4/2025,https://www.facebook.com/profile.php?id=100028127606986&sk=events,7/4 No upcoming shows,St Kilda Bowling Club this week on LML,St Kilda Bowling Club this week on LML,Admin console venue page,Admin gigs page,,,,,,,,,,,,,,,,,,,,,
E (ticketmaster :( ),c8de350c-966a-457e-a202-a3d06e992982,Palais Theatre,A,,15/4/2025,http://www.palaistheatre.com.au/,done til end may,Palais Theatre this week on LML,Palais Theatre this week on LML,Admin console venue page,Admin gigs page,,,,,,,,,,,,y,,,,,,,,,
R E,42ccfea1-a40e-4fe0-b742-47e928d4256a,Pause bar,G,,15/4/2025,https://pausebar.com.au/,,Pause bar this week on LML,Pause bar this week on LML,Admin console venue page,Admin gigs page,,,,,,,,,,,,,,,,,,,,,
B,3ec1442f-746f-4ee0-a3f3-939e4ec94e85,Republica,G,,15/4/2025,https://republica.net.au/whats-on/,Come back wendesday,Republica this week on LML,Republica this week on LML,Admin console venue page,Admin gigs page,,,,,,,,,,,,y,,,,,,,,,
,081ec620-2878-4bac-a0fc-d82fbfbe3ec8,Royal Melbourne Yacht Squadron,G,,15/4/2025,https://www.rmys.com.au/news/,7/4 No upcoming shows,Royal Melbourne Yacht Squadron this week on LML,Royal Melbourne Yacht Squadron this week on LML,Admin console venue page,Admin gigs page,,,,,,,,,,,,,,,,,,,,,
,d05b0dd2-2174-4fe2-aa05-596f657d6e22,St Kilda Lifesaving Club,G,,15/4/2025,https://www.facebook.com/StKildaLSC/events,7/4 No upcoming shows,St Kilda Lifesaving Club this week on LML,St Kilda Lifesaving Club this week on LML,Admin console venue page,Admin gigs page,,,,,,,,,,,,,,,,,,,,,
,6b9d1e7c-1cb1-48cf-9faa-3e6d24ecd715,St Kilda Sea Baths,G,,15/4/2025,http://www.seabaths.com.au/,7/4 No upcoming shows,St Kilda Sea Baths this week on LML,St Kilda Sea Baths this week on LML,Admin console venue page,Admin gigs page,,,,,,,,,,,,,,,,,,,,,
E,c4d6d559-dc0a-4c78-b58d-d67492eaf509,Johnny's,G,Karen,21/04,Email sent to Karen weekly,Mark Peysack will email through gigs on a Monday,Johnny's this week on LML,Johnny's this week on LML,Admin console venue page,Admin gigs page,,,,,,,,,,,,,,,,,,,,,
C,ec6e1aaf-5d1b-4161-b6cf-48991a9a557e,The Dogs Bar,G,Karen,21/4/2025,https://www.instagram.com/dogsbar.stkilda/,April done,The Dogs Bar this week on LML,The Dogs Bar this week on LML,Admin console venue page,Admin gigs page,,,,,,,,,,,,,,,,,,,,,
E,16f1da05-3058-4251-9be5-fe8d1a0f621b,The Local Taphouse,G,,15/4/2025,https://www.instagram.com/thelocaltaphousesk/,7/4 No upcoming shows,The Local Taphouse this week on LML,The Local Taphouse this week on LML,Admin console venue page,Admin gigs page,,,,,,,,,,,,,,,,,,,,,
E,9477679d-3f7c-484f-ad79-92f2d40b62c5,The National Theatre,G,,15/4/2025,http://www.nationaltheatre.org.au/,,The National Theatre this week on LML,The National Theatre this week on LML,Admin console venue page,Admin gigs page,,,,,,,,,,,,,,,,,,,,,
A,3bbd543b-7624-42b1-8501-38a5056b0188,The Prince Hotel,G,,21/4/2025,https://theprince.com.au/prince-bandroom/gig-guide/,,The Prince Hotel this week on LML,The Prince Hotel this week on LML,Admin console venue page,Admin gigs page,,,,,,,,,,,,,,,,,,,,,
,ca4d7174-87e0-4269-a299-a8669ff8f4e3,the Stokehouse,G,,15/4/2025,stokehouse.com.au,14/4 No upcoming shows,the Stokehouse this week on LML,the Stokehouse this week on LML,Admin console venue page,Admin gigs page,,,,,,,,,,,,,,,,,,,,,
E,fb3cd7d4-520b-487f-a819-7a5e6632717c,The Vineyard,G,,15/4/2025,https://www.instagram.com/thevineyard_official/,7/4 No upcoming shows,The Vineyard this week on LML,The Vineyard this week on LML,Admin console venue page,Admin gigs page,,,,,,,,,,,,,,,,,,,,,
,7933c948-0189-4405-9736-b6ad8d0e5f27,Veg Out Community Gardens,G,,15/4/2025,https://vegout.org.au/,7/4 No upcoming shows,Veg Out Community Gardens this week on LML,Veg Out Community Gardens this week on LML,Admin console venue page,Admin gigs page,,,,,,,,,,,,,,,,,,,,,
,c0e37849-b95c-4ae2-a031-5f7f10af2943,Victorian Pride Centre,G,,15/4/2025,https://pridecentre.org.au/events/category/vpc-presents/,7/4 No upcoming shows,Victorian Pride Centre this week on LML,Victorian Pride Centre this week on LML,Admin console venue page,Admin gigs page,,,,,,,,,,,,,,,,,,,,,
E,934aefe1-5210-4bcb-be0e-26ae8075d1e1,Voodoo Love Child Speakeasy Bar,G,,15/4/2025,https://www.instagram.com/voodoolovechildspeakeasy/,apparently live music thu-sat or fri-sat but no details,Voodoo Love Child Speakeasy Bar this week on LML,Voodoo Love Child Speakeasy Bar this week on LML,Admin console venue page,Admin gigs page,,,,,,,,,,,,,,,,,,,,,
R E,3ecc51ae-9cda-418a-9cf4-7d451f1c8e18,29th Apartment,G,,15/4/2025,https://29thapartment.com.au/whats-on/,,29th Apartment this week on LML,29th Apartment this week on LML,Admin console venue page,Admin gigs page,,,,,,,,,,,,,,,,,,,,,
E,0713c1ab-7a3c-4d2c-9f57-2f358d1f7b42,The Cross,G,,15/4/2025,https://www.instagram.com/the_cross_stkilda/,CHECK LATER,The Cross this week on LML,The Cross this week on LML,Admin console venue page,Admin gigs page,,,,,,,,,,,,,,,,,,,,,
,d046f3fc-c267-4e80-86ed-fd238879e48d,Topolinos,G,,15/4/2025,http://www.topolinos.com.au/#,"Restaurant, do they do gigs?",Topolinos this week on LML,Topolinos this week on LML,Admin console venue page,Admin gigs page,,,,,,,,,,,,,,,,,,,,,
,d0f53219-04d0-4266-93a5-eac70f51e469,Buba Local Shuk,G,,15/4/2025,https://www.instagram.com/bubastkilda,definitely live music sometimes but difficult to tell exactly when from instagram,Buba Local Shuk this week on LML,Buba Local Shuk this week on LML,Admin console venue page,Admin gigs page,,,,,,,,,,,,,,,,,,,,,
C,67eddef8-fb90-4c97-b06e-fd75abf2f306,Fifth Province,G,,15/4/2025,https://www.thefifthprovince.com.au/gigguide,,Fifth Province this week on LML,Fifth Province this week on LML,Admin console venue page,Admin gigs page,,,,,,,,,,,,,,,,,,,,,
E,0fa92d27-ce19-423c-966f-2c8621a7eeef,Jekyll & Hyde,G,,15/4/2025,https://www.instagram.com/jekyllandhyde.bar/,7/4 No upcoming shows,Jekyll & Hyde this week on LML,Jekyll & Hyde this week on LML,Admin console venue page,Admin gigs page,,,,,,,,,,,,,,,,,,,,,
R E,8fdbde4e-7ec2-4acd-b327-456016bf7c6f,Village Belle Hotel,G,,15/4/2025,https://villagebelle.com.au/eat-drink/,DONE FOR APRIL,Village Belle Hotel this week on LML,Village Belle Hotel this week on LML,Admin console venue page,Admin gigs page,,,,,,,,,,,,,,,,,,,,,
,3c9abbd3-fc9d-4471-a833-36ad7621a524,The Fifth Province-Whisky Bar,G,,15/4/2025,https://www.thefifthprovince.com.au/gigguide,"Coverd by ""Fifth Province""",The Fifth Province-Whisky Bar this week on LML,The Fifth Province-Whisky Bar this week on LML,Admin console venue page,Admin gigs page,,,,,,,,,,,,,,,,,,,,,
,36c22ae2-6fac-469a-a0f8-d7ecbcdeb172,The Fifth Province -Public Bar,G,,15/4/2025,https://www.thefifthprovince.com.au/gigguide,"Coverd by ""Fifth Province""",The Fifth Province -Public Bar this week on LML,The Fifth Province -Public Bar this week on LML,Admin console venue page,Admin gigs page,,,,,,,,,,,,,,,,,,,,,
,#N/A,Eclectico,G,,15/4/2025,https://eclectico.com.au/,Can't find gigs on socials etc.,Eclectico this week on LML,Eclectico this week on LML,Admin console venue page,Admin gigs page,,,,,,,,,,,,,,,,,,,,,
,034975ab-0d0a-4df3-bafe-310627ff31b7,Sorsi E Morsi,G,DONE,21/4/2025,https://www.sorsiemorsi.com.au/news-and-events,,Sorsi E Morsi this week on LML,Sorsi E Morsi this week on LML,Admin console venue page,Admin gigs page,,,,,,,,,,,,,,,,,,,,,
,89d6edaf-cbe1-4071-9713-20481bf3052a,Hotel Esplanade-Sunroom,G,,21/4/2025,https://hotelesplanade.com.au/espy-sunroom/,Fri until 16/05/ Sat until 17/05 Sun until 18/5,https://lml.live/?dateRange=thisWeek&venues=706c3887-b275-41b2-aa22-397cd32ad4f8,https://lml.live/?dateRange=nextWeek&venues=706c3887-b275-41b2-aa22-397cd32ad4f8,,,,,,,,,,,,,,,,,,,,,,,
,c8d08525-d5a8-4a3a-a55c-f18bd3018ac8,Hotel Esplanade-Main Bar,G,,21/4/2025,,done til end of april,https://lml.live/?dateRange=thisWeek&venues=b7566ed1-b7cd-47cb-8045-50b30b0d6bf6,https://lml.live/?dateRange=nextWeek&venues=b7566ed1-b7cd-47cb-8045-50b30b0d6bf6,,,,,,,,,,,,,,,,,,,,,,,
,08adf74e-e697-43c0-ac16-898a7c28fab0,Trinity St Kilda,G,,15/4/2025,https://www.trinitystkilda.com/whats-on,,,,,,,,,,,,,,,,,,,,,,,,,,